City_ID,City,Country,Lat,Lng,Max Temp,Humidity,Cloudiness,Wind Speed,Current Description
0,Butembo,CD,0.15,29.28,57.79,100,100,2.73,light rain
1,Mataura,NZ,-46.19,168.86,57.99,62,76,5.99,broken clouds
2,Bathsheba,BB,13.22,-59.52,77.0,88,75,19.46,light rain
3,Bairiki,KI,1.33,172.98,87.8,62,40,5.82,scattered clouds
4,Vila Franca Do Campo,PT,37.72,-25.43,68.0,88,75,16.11,broken clouds
5,Arraial Do Cabo,BR,-22.97,-42.03,72.07,88,3,11.25,clear sky
6,Vaini,TO,-21.2,-175.2,77.0,83,75,10.29,broken clouds
7,Iwanai,JP,42.97,140.51,54.46,63,3,3.89,clear sky
8,Cape Town,ZA,-33.93,18.42,61.0,93,0,5.82,clear sky
9,Kapaa,US,22.08,-159.32,71.6,88,90,11.41,thunderstorm
10,Busselton,AU,-33.65,115.33,70.0,61,69,5.99,broken clouds
11,Tuktoyaktuk,CA,69.45,-133.04,10.4,78,20,14.99,few clouds
12,Salalah,OM,17.02,54.09,75.2,60,0,2.24,clear sky
13,Lazaro Cardenas,MX,17.96,-102.2,81.18,87,100,7.94,light rain
14,Saskylakh,RU,71.92,114.08,-0.29,92,92,5.61,overcast clouds
15,Vrakhation,GR,37.96,22.81,57.2,76,0,3.78,clear sky
16,Punta Arenas,CL,-53.15,-70.92,44.6,75,20,24.16,few clouds
17,Port Lincoln,AU,-34.73,135.87,60.85,71,22,11.12,few clouds
18,Kavaratti,IN,10.57,72.64,81.91,70,22,5.01,few clouds
19,Rikitea,PF,-23.12,-134.97,75.38,86,100,14.34,light rain
20,Huicungo,PE,-7.28,-76.8,76.24,80,99,2.3,overcast clouds
21,Bardiyah,LY,31.76,25.09,68.29,67,0,7.74,clear sky
22,Kruisfontein,ZA,-34.0,24.73,64.0,89,1,1.99,clear sky
23,Georgetown,MY,5.41,100.34,84.2,83,20,3.36,few clouds
24,Newport,GB,51.59,-3.0,48.99,97,76,10.02,broken clouds
25,Castro,BR,-24.79,-50.01,61.9,92,100,3.33,overcast clouds
26,Egvekinot,RU,66.32,-179.17,22.8,96,100,1.63,overcast clouds
27,Cherskiy,RU,68.75,161.3,7.3,94,82,7.56,broken clouds
28,Flinders,AU,-34.58,150.86,68.0,87,75,6.93,broken clouds
29,Souillac,MU,-20.52,57.52,71.6,78,40,6.93,scattered clouds
30,Henties Bay,NA,-22.12,14.28,55.99,93,0,2.24,clear sky
31,Mbala,ZM,-8.84,31.37,63.36,76,66,4.76,broken clouds
32,Ribeira Grande,PT,38.52,-28.7,68.49,91,100,13.47,moderate rain
33,Puerto Ayora,EC,-0.74,-90.35,68.0,92,51,1.01,broken clouds
34,Chokurdakh,RU,70.63,147.92,6.58,95,100,10.11,overcast clouds
35,Upata,VE,8.01,-62.4,78.01,84,100,1.01,overcast clouds
36,Nuuk,GL,64.18,-51.72,28.4,68,93,2.24,overcast clouds
37,Komsomolskiy,UZ,40.43,71.72,41.0,52,0,6.93,clear sky
38,Carnarvon,AU,-24.87,113.63,73.4,69,0,25.28,clear sky
39,Nanortalik,GL,60.14,-45.24,33.01,91,97,13.2,overcast clouds
40,New Norfolk,AU,-42.78,147.06,59.0,50,88,4.0,overcast clouds
41,Puro,PH,12.48,123.38,82.4,80,100,7.0,light rain
42,Ushuaia,AR,-54.8,-68.3,48.2,39,20,18.34,few clouds
43,Cap Malheureux,MU,-19.98,57.61,73.99,74,3,5.01,clear sky
44,San Quintin,MX,30.48,-115.95,65.05,47,0,8.52,clear sky
45,Carmarthen,GB,51.86,-4.31,51.8,81,100,9.17,overcast clouds
46,Bomet,KE,-0.78,35.34,55.0,92,92,2.42,overcast clouds
47,Hobart,AU,-42.88,147.33,59.0,54,75,10.29,broken clouds
48,Ramnagar,IN,29.4,79.12,63.93,41,0,4.79,clear sky
49,Concepcion Del Uruguay,AR,-32.48,-58.24,55.99,65,0,1.01,clear sky
50,Port Alfred,ZA,-33.59,26.89,67.42,86,85,25.66,overcast clouds
51,Albany,US,42.6,-73.97,51.01,89,100,1.5,overcast clouds
52,Beloha,MG,-25.17,45.05,63.68,93,0,1.99,clear sky
53,Lavrentiya,RU,65.58,-171.0,31.6,91,0,4.99,clear sky
54,Quelimane,MZ,-17.88,36.89,75.2,94,20,4.7,few clouds
55,Purworejo,ID,-6.79,111.92,84.15,68,100,6.33,moderate rain
56,Havre-Saint-Pierre,CA,50.23,-63.6,30.2,100,90,6.93,light snow
57,Brun,AM,39.53,46.31,46.29,53,0,5.12,clear sky
58,Nikolskoye,RU,59.7,30.79,50.0,87,75,8.95,broken clouds
59,Khatanga,RU,71.97,102.5,1.81,94,90,9.1,overcast clouds
60,Mahebourg,MU,-20.41,57.7,71.6,78,40,6.93,scattered clouds
61,Norman Wells,CA,65.28,-126.83,24.8,79,75,18.34,broken clouds
62,Bluff,NZ,-46.6,168.33,57.99,62,21,5.99,few clouds
63,Longyearbyen,SJ,78.22,15.64,26.6,86,75,6.93,broken clouds
64,Kaitangata,NZ,-46.28,169.85,53.01,69,19,13.0,few clouds
65,Touros,BR,-5.2,-35.46,77.0,88,75,4.7,shower rain
66,Makat,KZ,47.65,53.35,38.39,76,0,9.31,clear sky
67,Verkhniye Sergi,RU,56.65,59.56,23.31,94,100,14.41,overcast clouds
68,Benjamin Constant,BR,-4.38,-70.03,77.0,88,0,2.26,clear sky
69,Yulara,AU,-25.24,130.99,77.0,21,0,6.93,clear sky
70,Dikson,RU,73.51,80.55,10.47,95,78,17.29,broken clouds
71,Gebre Guracha,ET,9.8,38.4,46.53,54,0,3.53,clear sky
72,Ponta Do Sol,PT,32.67,-17.1,66.2,63,20,10.29,few clouds
73,Caxito,AO,-8.58,13.66,77.0,83,75,5.82,broken clouds
74,Finnsnes,NO,69.23,17.98,30.99,80,59,14.99,broken clouds
75,Jamestown,US,42.1,-79.24,43.0,100,90,2.75,light rain
76,Zhengjiatun,CN,43.51,123.51,45.84,48,0,13.56,clear sky
77,Karonga,MW,-9.93,33.93,78.93,60,77,9.98,broken clouds
78,Okha,RU,53.57,142.95,42.04,73,95,9.08,overcast clouds
79,Ushtobe,KZ,45.25,77.98,51.64,41,0,8.63,clear sky
80,Port Macquarie,AU,-31.43,152.92,77.0,53,83,1.99,broken clouds
81,Hithadhoo,MV,-0.6,73.08,83.43,64,69,6.67,broken clouds
82,Dingle,PH,11.0,122.67,82.17,81,83,7.25,broken clouds
83,Torbay,CA,47.67,-52.73,37.99,59,90,8.05,overcast clouds
84,Faanui,PF,-16.48,-151.75,80.65,76,100,17.65,moderate rain
85,Walvis Bay,NA,-22.96,14.51,55.99,100,0,4.7,clear sky
86,Cidreira,BR,-30.18,-50.21,64.63,92,100,14.99,moderate rain
87,Bredasdorp,ZA,-34.53,20.04,64.4,88,33,3.36,scattered clouds
88,Barrow,US,71.29,-156.79,19.4,85,90,11.41,overcast clouds
89,Hofn,IS,64.25,-15.21,36.59,78,70,13.18,broken clouds
90,Nowa Sol,PL,51.8,15.72,52.0,41,100,9.37,overcast clouds
91,Yar-Sale,RU,66.83,70.83,6.46,95,36,5.3,scattered clouds
92,Saint-Philippe,RE,-21.36,55.77,71.6,78,90,4.7,overcast clouds
93,Sola,VU,-13.88,167.55,80.11,81,33,20.4,scattered clouds
94,Jacareacanga,BR,-6.22,-57.75,76.64,85,0,1.14,light rain
95,Atuona,PF,-9.8,-139.03,79.03,74,73,20.18,broken clouds
96,Mar Del Plata,AR,-38.0,-57.56,55.99,76,0,5.82,clear sky
97,Ambon,ID,-3.7,128.18,89.6,62,40,4.7,scattered clouds
98,Kodinsk,RU,58.69,99.18,25.99,93,92,2.77,overcast clouds
99,North Bend,US,43.41,-124.22,53.01,61,1,11.41,clear sky
100,Butaritari,KI,3.07,172.79,81.55,68,11,10.89,few clouds
101,Bitung,ID,1.45,125.18,89.6,52,20,3.36,few clouds
102,Avarua,CK,-21.21,-159.78,71.6,83,100,13.87,light rain
103,Nioro,GM,13.35,-15.75,76.44,82,0,5.21,clear sky
104,Cabo San Lucas,MX,22.89,-109.91,81.0,65,20,12.75,few clouds
105,Baruun-Urt,MN,46.68,113.28,29.66,74,0,9.22,clear sky
106,Varadero,CU,23.15,-81.25,75.2,100,75,4.7,broken clouds
107,Hailar,CN,49.2,119.7,28.42,89,0,19.44,clear sky
108,Viedma,AR,-40.81,-63.0,64.99,34,100,9.04,overcast clouds
109,Pisco,PE,-13.7,-76.22,63.0,82,0,16.11,clear sky
110,Qaanaaq,GL,77.48,-69.36,8.76,77,99,8.99,overcast clouds
111,Lugovoy,KZ,42.95,72.76,48.69,45,0,6.44,clear sky
112,Hilo,US,19.73,-155.09,75.99,88,90,12.75,heavy intensity rain
113,Vestmanna,FO,62.16,-7.17,35.6,76,21,6.93,few clouds
114,Kodiak,US,57.79,-152.41,50.0,46,1,24.16,clear sky
115,Sulangan,PH,11.14,123.72,83.3,74,90,7.65,overcast clouds
116,Gurupi,BR,-11.73,-49.07,75.94,77,100,4.5,light rain
117,Inhambane,MZ,-23.86,35.38,72.7,88,27,5.28,scattered clouds
118,Ust-Maya,RU,60.42,134.53,19.09,90,93,2.55,overcast clouds
119,Vao,NC,-22.67,167.48,73.38,81,20,20.18,few clouds
120,Lorengau,PG,-2.02,147.27,82.69,76,79,3.62,light rain
121,Noumea,NC,-22.28,166.46,89.6,43,75,13.87,broken clouds
122,Klaksvik,FO,62.23,-6.59,35.6,66,55,6.93,broken clouds
123,Port Keats,AU,-14.25,129.55,88.68,58,84,3.87,light rain
124,Odweyne,SO,9.41,45.06,65.23,28,57,3.06,broken clouds
125,Namatanai,PG,-3.67,152.43,86.68,60,47,3.91,scattered clouds
126,Borogontsy,RU,62.67,131.17,19.17,95,100,5.39,overcast clouds
127,Kostomuksha,RU,64.57,30.58,43.7,96,100,9.1,light rain
128,Pevek,RU,69.7,170.31,21.45,93,95,20.27,overcast clouds
129,Matara,LK,5.95,80.54,80.28,81,61,5.95,light rain
130,Zimovniki,RU,47.15,42.46,46.22,57,57,12.41,broken clouds
131,Port Elizabeth,ZA,-33.92,25.57,64.4,93,90,16.11,overcast clouds
132,Ahipara,NZ,-35.17,173.17,68.52,73,69,8.75,light rain
133,Vallenar,CL,-28.57,-70.76,58.44,60,0,2.08,clear sky
134,Kavieng,PG,-2.57,150.8,85.69,60,22,4.56,few clouds
135,Santa Comba,ES,43.03,-8.81,55.0,88,100,5.99,overcast clouds
136,Lahat,ID,-3.8,103.53,77.4,82,100,1.28,overcast clouds
137,Saint George,US,37.1,-113.58,44.6,12,1,23.04,clear sky
138,Severo-Kurilsk,RU,50.68,156.12,45.05,81,99,4.52,overcast clouds
139,Husavik,IS,66.04,-17.34,35.6,59,90,6.93,overcast clouds
140,Gamba,GA,-2.65,10.0,76.03,88,100,5.7,overcast clouds
141,Bambous Virieux,MU,-20.34,57.76,73.99,78,40,6.93,scattered clouds
142,Yellowknife,CA,62.46,-114.35,23.0,79,90,12.75,overcast clouds
143,Ostroleka,PL,53.09,21.58,55.0,76,100,1.99,overcast clouds
144,Chengde,CN,40.97,117.94,48.45,42,0,8.7,clear sky
145,Iqaluit,CA,63.75,-68.51,17.01,85,90,4.7,light snow
146,Raha,IN,26.23,92.52,75.78,88,5,1.83,clear sky
147,Velika Kladusa,BA,45.19,15.81,46.0,94,62,3.38,broken clouds
148,Jaguaribe,BR,-5.89,-38.62,77.38,75,2,11.05,clear sky
149,Caravelas,BR,-17.71,-39.25,73.53,90,8,3.47,clear sky
150,Fukue,JP,32.69,128.84,68.0,64,0,8.05,clear sky
151,Talnakh,RU,69.49,88.4,3.2,84,40,6.71,fog
152,San Cristobal,VE,7.77,-72.22,67.28,90,19,2.01,few clouds
153,Chuy,UY,-33.7,-53.46,56.28,80,94,11.18,overcast clouds
154,Kiunga,PG,-6.12,141.29,93.09,54,54,1.77,broken clouds
155,Marsabit,KE,2.33,37.99,64.54,91,81,18.66,broken clouds
156,Bekeshevskaya,RU,44.11,42.43,51.8,93,90,13.42,mist
157,Tasiilaq,GL,65.61,-37.64,33.8,50,100,19.46,light snow
158,Verkhnyaya Toyma,RU,62.23,45.0,27.45,97,100,6.22,overcast clouds
159,Acapulco,MX,16.86,-99.89,84.2,83,75,5.82,broken clouds
160,Bulgan,MN,48.81,103.53,32.76,68,0,4.38,clear sky
161,Ugoofaaru,MV,5.67,73.0,82.74,75,0,8.05,clear sky
162,Narsaq,GL,60.92,-46.05,35.6,43,97,1.12,overcast clouds
163,Kahului,US,20.89,-156.47,87.8,52,1,6.93,clear sky
164,Roald,NO,62.58,6.13,46.99,93,37,5.82,scattered clouds
165,Rudsar,IR,37.14,50.29,62.6,88,20,2.24,few clouds
166,Luderitz,NA,-26.65,15.16,57.9,81,0,9.24,clear sky
167,Yaan,NG,7.38,8.57,73.65,93,99,5.12,overcast clouds
168,Hamilton,US,39.18,-84.53,48.2,81,90,3.36,overcast clouds
169,San Patricio,US,28.02,-97.52,78.8,78,20,11.41,few clouds
170,Kemijarvi,FI,66.71,27.43,38.35,96,98,7.16,overcast clouds
171,Pedro Carbo,EC,-1.83,-80.23,77.0,69,75,14.99,broken clouds
172,Innisfail,AU,-17.53,146.03,82.4,59,68,6.82,broken clouds
173,Antalaha,MG,-14.9,50.28,68.79,83,11,5.35,few clouds
174,Prosperous,IE,53.29,-6.75,46.99,81,75,10.29,moderate rain
175,Bethel,US,41.37,-73.41,54.0,100,90,0.6,mist
176,Belyy Yar,RU,53.6,91.39,35.6,93,100,3.71,overcast clouds
177,Tazovskiy,RU,67.47,78.7,-1.62,92,0,6.58,clear sky
178,Chabahar,IR,25.29,60.64,57.2,50,0,3.62,clear sky
179,Boquete,PA,8.78,-82.43,66.0,100,100,1.72,light rain
180,Chapais,CA,49.78,-74.85,26.6,86,90,10.29,light snow
181,Murupara,NZ,-38.47,176.7,79.0,41,57,4.0,moderate rain
182,Uzhhorod,UA,48.62,22.3,41.0,96,90,18.01,overcast clouds
183,Oga,IT,46.46,10.35,39.99,86,75,10.29,broken clouds
184,Carutapera,BR,-1.2,-46.02,78.85,83,97,5.84,overcast clouds
185,Pocone,BR,-16.26,-56.62,74.88,90,100,6.51,overcast clouds
186,Turayf,SA,31.67,38.66,62.6,21,0,9.17,clear sky
187,Zyryanka,RU,65.75,150.85,11.95,93,0,4.25,clear sky
188,Faya,SA,18.39,42.45,53.6,25,0,3.36,clear sky
189,Taltal,CL,-25.4,-70.48,57.16,79,13,2.95,few clouds
190,Lebu,CL,-37.62,-73.65,50.99,87,100,7.47,heavy intensity rain
191,Bengkulu,ID,-3.8,102.27,80.47,70,100,1.07,overcast clouds
192,Grand Gaube,MU,-20.01,57.66,73.99,74,0,5.01,clear sky
193,Deputatskiy,RU,69.3,139.9,4.5,90,100,1.19,overcast clouds
194,Road Town,VG,18.42,-64.62,81.0,90,5,10.0,clear sky
195,Dolores,AR,-36.31,-57.68,49.8,72,0,5.5,light rain
196,Sambava,MG,-14.27,50.17,69.94,84,6,7.34,clear sky
197,Esperance,AU,-33.87,121.9,71.6,60,0,3.36,clear sky
198,Gayny,RU,60.31,54.32,20.17,97,77,3.78,broken clouds
199,Westport,US,41.14,-73.36,59.0,93,90,6.93,overcast clouds
200,Hami,CN,42.8,93.45,46.69,46,100,4.16,overcast clouds
201,Guozhen,CN,34.37,107.36,59.13,43,100,6.15,overcast clouds
202,Tuatapere,NZ,-46.13,167.68,57.99,62,50,5.99,scattered clouds
203,Novobirilyussy,RU,56.95,90.67,36.14,96,100,6.33,light rain
204,Vila Velha,BR,-20.33,-40.29,73.4,78,0,10.29,clear sky
205,Devonport,AU,-41.17,146.35,63.0,45,85,13.0,overcast clouds
206,Garowe,SO,8.41,48.48,72.82,76,99,2.1,overcast clouds
207,Sitka,US,57.05,-135.33,50.0,87,90,10.29,mist
208,Ust-Kut,RU,56.79,105.77,22.39,90,82,3.44,broken clouds
209,Hasaki,JP,35.73,140.83,66.99,72,75,9.17,broken clouds
210,Port Hardy,CA,50.7,-127.42,44.6,100,90,2.24,light rain
211,Esso,RU,55.93,158.7,37.36,84,100,2.73,overcast clouds
212,Saint-Georges,GD,12.06,-61.75,82.13,78,0,14.12,clear sky
213,Tuy Hoa,VN,13.08,109.3,79.02,83,100,9.84,light rain
214,Nurota,UZ,40.56,65.69,42.8,60,24,11.41,few clouds
215,Te Anau,NZ,-45.42,167.72,59.04,50,2,7.31,clear sky
216,Hermanus,ZA,-34.42,19.23,62.01,85,0,4.0,clear sky
217,Provideniya,RU,64.38,-173.3,33.8,69,90,5.01,overcast clouds
218,Namibe,AO,-15.2,12.15,68.68,83,11,3.04,few clouds
219,Saldanha,ZA,-33.01,17.94,59.0,87,4,5.82,clear sky
220,Kyren,RU,51.68,102.14,31.42,86,29,1.61,scattered clouds
221,Hanmer Springs,NZ,-42.52,172.82,43.57,84,100,1.99,light rain
222,Half Moon Bay,US,37.46,-122.43,64.4,23,1,10.29,clear sky
223,Neyshabur,IR,36.21,58.8,49.96,43,0,1.48,clear sky
224,East London,ZA,-33.02,27.91,67.32,84,66,17.31,light rain
225,Quatre Cocos,MU,-20.21,57.76,73.99,78,40,6.93,scattered clouds
226,Teknaf,BD,20.86,92.31,80.67,77,0,2.91,clear sky
227,Calvinia,ZA,-31.47,19.78,57.31,46,0,3.78,clear sky
228,Puerto Escondido,MX,15.85,-97.07,78.8,74,90,4.7,overcast clouds
229,Verkhoyansk,RU,67.54,133.38,10.11,88,100,1.23,overcast clouds
230,Rio Grande,BR,-32.03,-52.1,61.0,99,100,7.0,moderate rain
231,Santa Ines,BR,-3.67,-45.38,77.04,85,51,3.94,broken clouds
232,Bambanglipuro,ID,-7.95,110.28,81.03,78,100,8.39,light rain
233,Ancud,CL,-41.87,-73.82,46.0,81,20,4.7,few clouds
234,Galesong,ID,-5.32,119.37,87.8,58,20,2.24,few clouds
235,Pilar,BR,-9.6,-35.96,75.2,88,75,3.36,broken clouds
236,Hobyo,SO,5.35,48.53,78.42,80,70,3.13,light rain
237,Shenjiamen,CN,29.96,122.3,67.28,69,80,9.57,broken clouds
238,Ankpa,NG,7.37,7.63,71.73,92,100,3.38,overcast clouds
239,Clyde River,CA,70.47,-68.59,9.72,86,0,3.94,clear sky
240,Acarau,BR,-2.89,-40.12,77.58,85,2,12.01,clear sky
241,Musoma,TZ,-1.5,33.8,69.8,88,75,6.76,broken clouds
242,Marovoay,MG,-16.1,46.63,73.4,88,20,5.82,few clouds
243,Planadas,CO,3.2,-75.65,67.33,75,46,4.56,scattered clouds
244,Cangzhou,CN,38.32,116.87,59.5,30,80,14.07,broken clouds
245,Abtenau,AT,47.56,13.35,41.0,93,75,3.36,light rain
246,Tigil,RU,57.8,158.67,43.97,62,100,4.27,overcast clouds
247,Huangnihe,CN,43.56,128.02,46.18,60,1,9.93,clear sky
248,Banda Aceh,ID,5.56,95.32,84.56,64,0,12.03,light rain
249,Makurdi,NG,7.74,8.51,75.0,89,100,3.89,overcast clouds
250,Moose Factory,CA,51.26,-80.61,23.0,67,20,9.17,few clouds
251,Mazamari,PE,-11.33,-74.53,74.66,71,66,2.06,broken clouds
252,Zhigansk,RU,66.77,123.37,1.8,92,100,11.9,overcast clouds
253,Eresos,GR,39.17,25.93,57.2,67,0,5.82,clear sky
254,Kjollefjord,NO,70.95,27.35,37.99,78,24,11.79,few clouds
255,Verkhnevilyuysk,RU,63.45,120.32,11.62,88,93,5.1,overcast clouds
256,Mandalgovi,MN,45.76,106.27,33.46,60,0,6.89,clear sky
257,Smithers,CA,54.78,-127.17,35.6,85,90,5.82,light rain
258,Brazzaville,CG,-4.27,15.28,75.2,88,40,4.7,scattered clouds
259,Sao Filipe,CV,14.9,-24.5,79.59,80,98,9.86,overcast clouds
260,Erzincan,TR,39.75,39.5,35.6,80,0,2.26,clear sky
261,Geraldton,AU,-28.77,114.6,73.4,49,0,9.17,clear sky
262,Demba,CD,-5.51,22.27,68.79,100,100,1.1,moderate rain
263,Kaduqli,SD,11.02,29.72,75.58,67,61,0.51,broken clouds
264,Linhares,BR,-19.39,-40.07,69.98,91,3,3.69,clear sky
265,Batsfjord,NO,70.63,29.72,35.51,85,5,15.37,clear sky
266,Escanaba,US,45.75,-87.06,30.2,80,75,3.36,broken clouds
267,Talaya,RU,61.38,152.75,21.52,93,100,6.91,overcast clouds
268,Umba,RU,66.69,34.34,40.95,95,100,9.37,overcast clouds
269,Ahuimanu,US,21.44,-157.84,84.2,70,75,4.7,broken clouds
270,Asyut,EG,27.18,31.18,68.0,68,0,4.7,clear sky
271,Chino,US,34.01,-117.69,68.0,4,1,17.22,clear sky
272,Nome,US,64.5,-165.41,35.6,64,1,9.17,clear sky
273,Port Blair,IN,11.67,92.75,81.86,76,32,3.42,scattered clouds
274,Cabinda,AO,-5.55,12.2,76.71,85,100,4.7,overcast clouds
275,Inuvik,CA,68.35,-133.72,10.4,85,75,6.93,broken clouds
276,Thompson,CA,55.74,-97.86,23.0,57,5,8.05,clear sky
277,Udachnyy,RU,66.42,112.4,-5.8,83,100,2.57,light snow
278,Cururupu,BR,-1.83,-44.87,77.18,85,100,3.85,overcast clouds
279,Sept-Iles,CA,50.2,-66.38,30.99,100,90,5.82,light snow
280,Maracacume,BR,-2.04,-45.96,75.16,93,99,3.49,overcast clouds
281,Kumano,JP,34.34,132.59,64.4,72,20,4.7,few clouds
282,Badvel,IN,14.75,79.05,77.14,77,0,1.34,clear sky
283,Guangyuan,CN,32.44,105.82,59.0,99,100,11.99,light rain
284,Codrington,AU,-38.27,141.97,58.26,77,93,13.69,light rain
285,Karratha,AU,-20.74,116.85,86.41,30,0,6.82,clear sky
286,Srednekolymsk,RU,67.45,153.68,11.17,91,0,5.55,clear sky
287,Arman,RU,59.7,150.17,36.23,75,81,10.36,broken clouds
288,Muyezerskiy,RU,63.93,31.65,43.48,95,100,8.72,overcast clouds
289,Bismarck,US,46.81,-100.78,15.8,66,1,10.29,clear sky
290,Gladstone,AU,-23.85,151.25,78.8,78,90,10.29,overcast clouds
291,Kieta,PG,-6.22,155.63,86.02,63,77,5.53,light rain
292,Tabas,IR,33.6,56.92,51.8,27,0,4.7,clear sky
293,Vestmannaeyjar,IS,63.44,-20.27,42.55,74,100,37.65,overcast clouds
294,Sabzevar,IR,36.21,57.68,50.18,44,29,5.01,scattered clouds
295,Lokosovo,RU,61.13,74.82,24.51,96,100,13.94,overcast clouds
296,Oksfjord,NO,70.24,22.35,35.6,69,100,14.99,overcast clouds
297,Lima,PE,-12.04,-77.03,62.6,82,20,13.87,few clouds
298,Olafsvik,IS,64.89,-23.71,40.35,71,100,20.07,overcast clouds
299,Abha,SA,18.22,42.51,53.6,25,0,3.36,clear sky
300,Airai,TL,-8.93,125.41,77.41,56,58,3.44,broken clouds
301,Shingu,JP,33.73,135.98,66.2,48,20,4.7,few clouds
302,Sorland,NO,67.67,12.69,48.52,72,2,20.98,clear sky
303,Yerbogachen,RU,61.28,108.01,21.76,95,100,4.97,overcast clouds
304,Goderich,CA,43.75,-81.72,45.0,81,100,4.0,overcast clouds
305,Lompoc,US,34.64,-120.46,60.8,63,1,4.7,clear sky
306,Bonavista,CA,48.65,-53.11,37.99,70,17,3.0,few clouds
307,Maniitsoq,GL,65.42,-52.9,24.28,87,26,6.71,scattered clouds
308,Camana,PE,-16.62,-72.71,62.02,78,1,6.82,clear sky
309,Novyy Urgal,RU,51.07,132.56,37.87,69,100,1.59,overcast clouds
310,Nazas,MX,25.23,-104.13,75.25,30,0,8.05,clear sky
311,Lyuban,BY,52.8,28.0,45.72,80,0,10.67,clear sky
312,Igarka,RU,67.47,86.58,-3.66,89,0,6.2,clear sky
313,Oriximina,BR,-1.77,-55.87,82.83,64,4,3.96,clear sky
314,Yumen,CN,40.28,97.2,41.72,54,100,8.97,overcast clouds
315,Brae,GB,60.4,-1.35,48.2,93,1,8.05,clear sky
316,Hata,IN,26.75,83.74,68.85,48,0,3.31,clear sky
317,Magadan,RU,59.57,150.8,35.6,76,98,9.33,overcast clouds
318,Alofi,NU,-19.06,-169.92,78.8,74,75,19.46,broken clouds
319,Mezen,RU,65.85,44.24,34.14,91,100,13.06,light rain
320,Bayir,TR,37.27,28.22,59.0,93,5,1.12,clear sky
321,Mayo,US,38.89,-76.51,57.99,100,90,1.54,mist
322,Huarmey,PE,-10.07,-78.15,64.29,81,65,8.05,broken clouds
323,Korla,CN,41.76,86.15,44.85,52,85,4.97,overcast clouds
324,Bartica,GY,6.4,-58.62,77.0,94,20,6.93,few clouds
325,Bonthe,SL,7.53,-12.51,78.35,86,15,4.32,light rain
326,Mutoko,ZW,-17.4,32.23,63.3,70,0,6.64,clear sky
327,Masagua,GT,14.2,-90.85,68.0,82,40,4.7,scattered clouds
328,Lethem,GY,3.38,-59.8,80.71,71,47,6.69,light rain
329,Victoria,HK,22.29,114.16,80.01,58,32,3.0,scattered clouds
330,Bilibino,RU,68.05,166.44,7.66,93,99,3.49,overcast clouds
331,Conde,BR,-7.26,-34.91,78.8,83,20,4.7,few clouds
332,San Rafael,AR,-34.62,-68.33,66.99,26,0,8.48,clear sky
333,Nishihara,JP,26.18,127.76,80.6,54,20,10.29,few clouds
334,Anadyr,RU,64.75,177.48,21.2,92,75,6.71,broken clouds
335,Port Pirie,AU,-33.18,138.02,64.4,68,40,13.87,scattered clouds
336,Katsuura,JP,35.13,140.3,66.99,59,75,11.41,broken clouds
337,Union,US,40.63,-74.27,59.0,93,90,1.41,mist
338,Payo,ID,-3.75,103.64,77.16,87,99,1.9,overcast clouds
339,Boa Esperanca,BR,-21.09,-45.57,68.77,80,51,1.57,broken clouds
340,Axim,GH,4.87,-2.24,77.81,87,84,5.23,broken clouds
341,Sioux Lookout,CA,50.1,-91.92,24.8,62,75,9.17,broken clouds
342,Alice Springs,AU,-23.7,133.88,77.0,17,0,8.05,clear sky
343,Bandarbeyla,SO,9.49,50.81,73.6,78,38,8.68,scattered clouds
344,Ocampo,MX,21.65,-101.5,58.51,32,49,4.9,scattered clouds
345,Levelland,US,33.59,-102.38,24.8,85,90,21.92,mist
346,Guerrero Negro,MX,27.98,-114.06,66.69,37,0,16.93,clear sky
347,Witbank,ZA,-25.87,29.23,63.57,61,46,0.85,scattered clouds
348,Paragominas,BR,-2.97,-47.48,76.03,87,64,4.97,broken clouds
349,Sur,OM,22.57,59.53,68.43,64,0,3.44,clear sky
350,Rapid Valley,US,44.06,-103.15,18.0,84,1,4.63,clear sky
351,Kaeo,NZ,-35.1,173.78,70.09,67,19,8.61,few clouds
352,Satuk,TR,41.23,32.38,54.82,79,42,1.74,scattered clouds
353,Haines Junction,CA,60.75,-137.51,32.45,93,0,5.28,clear sky
354,Mana,GF,5.66,-53.78,80.29,83,4,8.63,light rain
355,Aklavik,CA,68.22,-135.01,10.4,85,75,6.93,broken clouds
356,Valledupar,CO,10.46,-73.25,75.16,84,20,3.87,few clouds
357,Encs,HU,48.33,21.13,55.4,93,90,5.82,overcast clouds
358,Cuajinicuilapa,MX,16.47,-98.42,77.85,94,100,2.15,light rain
359,Valle De Allende,MX,26.93,-105.4,67.95,37,0,15.5,clear sky
360,Porto Santo,PT,33.07,-16.34,66.2,68,40,7.36,scattered clouds
361,Ndjole,GA,-0.18,10.76,74.5,95,100,2.08,moderate rain
362,Fortuna,US,40.6,-124.16,52.0,70,1,4.21,clear sky
363,Grand Forks,US,47.94,-97.43,19.4,67,40,12.75,scattered clouds
364,Weihe,CN,33.0,105.32,47.23,76,100,3.76,overcast clouds
365,Urusha,RU,54.05,122.9,29.61,97,100,10.63,overcast clouds
366,Calama,CL,-22.47,-68.93,59.0,19,0,11.41,clear sky
367,Jalu,LY,29.03,21.55,65.32,61,0,3.74,clear sky
368,Oktyabrskiy,RU,54.48,53.47,27.88,92,64,12.41,broken clouds
369,Nantucket,US,41.28,-70.1,57.99,93,90,4.7,mist
370,Wanxian,CN,30.8,108.39,63.61,72,100,1.25,light rain
371,Aykhal,RU,66.0,111.5,-5.8,83,100,4.61,light snow
372,Mezhevoy,RU,55.17,58.78,25.23,96,100,18.23,light snow
373,Staroshcherbinovskaya,RU,46.63,38.67,52.92,61,42,17.02,scattered clouds
374,Embu,BR,-23.65,-46.85,68.0,82,20,3.36,few clouds
375,Lagoa,PT,39.05,-27.98,67.46,86,99,13.8,light rain
376,Hare Bay,CA,48.85,-54.01,35.6,64,90,5.82,overcast clouds
377,Salina,US,38.84,-97.61,28.4,63,90,11.41,overcast clouds
378,Ust-Kuyga,RU,70.02,135.6,4.05,88,100,0.54,overcast clouds
379,Ixtapa,MX,20.7,-105.2,84.99,79,20,6.93,few clouds
380,Hornepayne,CA,49.21,-84.77,23.31,95,2,4.83,clear sky
381,Sabang,ID,5.89,95.32,82.85,72,4,17.36,light rain
382,Sobolevo,RU,54.43,31.9,43.09,91,11,11.03,few clouds
383,Kubinka,RU,55.58,36.69,42.01,80,0,6.71,light rain
384,Nampa,US,43.54,-116.56,39.2,27,1,4.63,clear sky
385,Piacabucu,BR,-10.41,-36.43,77.4,82,17,12.48,few clouds
386,Izhma,RU,65.01,53.91,19.85,95,100,6.76,overcast clouds
387,Mogadishu,SO,2.04,45.34,79.2,83,52,7.49,light rain
388,Komatsu,JP,36.4,136.45,66.2,42,75,9.17,broken clouds
389,Larap,PH,14.3,122.65,77.07,90,100,5.86,light rain
390,Richland,US,40.78,-82.55,44.6,93,90,6.93,light rain
391,Rewari,IN,28.18,76.62,64.4,63,0,3.36,smoke
392,Mehamn,NO,71.04,27.85,37.58,78,15,9.71,few clouds
393,Fuerte Olimpo,PY,-21.04,-57.87,74.41,74,97,3.04,overcast clouds
394,Los Alamos,US,35.89,-106.31,18.0,100,90,0.54,snow
395,Careiro Da Varzea,BR,-3.2,-59.81,84.2,79,20,5.82,thunderstorm
396,Uruzgan,AF,32.83,66.0,36.75,74,0,2.13,clear sky
397,Sokol,RU,59.46,40.12,35.85,93,100,8.61,overcast clouds
398,Ubinskoye,RU,55.31,79.68,41.2,75,99,13.87,overcast clouds
399,Skowhegan,US,44.77,-69.72,39.2,100,90,3.36,light rain
400,Upernavik,GL,72.79,-56.15,17.29,83,36,4.09,scattered clouds
401,Tanout,NE,14.97,8.89,75.38,19,0,8.7,clear sky
402,Los Llanos De Aridane,ES,28.66,-17.92,69.8,60,20,9.17,few clouds
403,Zhoucheng,CN,35.91,116.31,72.0,1,100,11.36,overcast clouds
404,Ust-Tsilma,RU,65.44,52.15,22.24,95,100,7.43,overcast clouds
405,Zinder,NE,13.81,8.99,77.0,18,39,8.21,scattered clouds
406,Kosh-Agach,RU,50.0,88.67,26.29,81,100,2.06,overcast clouds
407,Batagay-Alyta,RU,67.8,130.41,9.45,94,100,2.44,light snow
408,Kati,ML,12.74,-8.07,64.4,77,0,3.36,clear sky
409,Antofagasta,CL,-23.65,-70.4,59.0,77,90,8.05,overcast clouds
410,Turukhansk,RU,65.82,87.98,-2.0,87,0,7.09,clear sky
411,Moron,AR,-34.65,-58.62,63.0,52,0,5.57,clear sky
412,Lazurne,UA,46.08,32.53,55.0,93,98,11.01,overcast clouds
413,Vagay,RU,57.94,69.02,32.32,97,100,17.34,overcast clouds
414,Hirara,JP,24.8,125.28,80.6,65,40,14.99,scattered clouds
415,Mangan,IN,27.52,88.53,72.77,31,0,2.64,clear sky
416,Nadym,RU,65.53,72.52,5.31,94,0,8.93,clear sky
417,Coquimbo,CL,-29.95,-71.34,53.6,87,0,3.36,clear sky
418,Leningradskiy,RU,69.38,178.42,26.17,94,100,16.75,overcast clouds
419,Roebourne,AU,-20.78,117.13,86.56,32,2,7.81,clear sky
420,Auxerre,FR,47.8,3.57,48.99,91,24,1.99,few clouds
421,Gat,IL,31.61,34.76,69.01,100,0,1.01,clear sky
422,Kathmandu,NP,27.72,85.32,60.8,100,75,2.24,broken clouds
423,Halifax,CA,44.65,-63.57,48.99,97,99,1.99,light rain
424,Guilin,CN,25.28,110.29,73.4,64,20,4.47,few clouds
425,Suntar,RU,62.14,117.63,17.62,90,88,1.61,overcast clouds
426,West Wendover,US,40.74,-114.07,33.8,24,1,2.66,clear sky
427,Edson,CA,53.58,-116.44,35.6,100,90,3.36,light rain
428,Agaro,ET,7.85,36.65,54.9,84,0,0.96,clear sky
429,Khandbari,NP,27.37,87.2,69.51,51,0,1.48,clear sky
430,Barabai,ID,-2.58,115.38,79.0,85,97,1.45,light rain
431,Mount Isa,AU,-20.73,139.5,82.4,17,75,5.82,broken clouds
432,Kalmunai,LK,7.42,81.82,80.94,74,0,4.32,clear sky
433,Ouesso,CG,1.61,16.05,70.16,97,63,1.16,moderate rain
434,Maymyo,MM,22.03,96.47,78.8,94,75,3.36,broken clouds
435,Saint-Pierre,RE,-21.34,55.48,71.6,78,90,4.7,overcast clouds
436,Vostok,RU,46.49,135.88,43.48,63,90,2.51,overcast clouds
437,Porto Novo,BJ,6.5,2.6,80.6,88,40,5.82,scattered clouds
438,Majene,ID,-3.54,118.97,85.89,64,96,4.59,overcast clouds
439,Aksarka,RU,66.56,67.8,2.43,94,18,4.92,few clouds
440,Weston,US,26.1,-80.4,82.4,88,20,8.05,few clouds
441,Coahuayana,MX,18.73,-103.68,75.2,83,75,2.21,broken clouds
442,Qaqortoq,GL,60.72,-46.03,35.6,43,91,1.12,overcast clouds
443,Olinda,BR,-8.01,-34.86,80.6,74,40,8.05,scattered clouds
444,Saint-Francois,FR,46.42,3.91,48.2,76,90,4.7,overcast clouds
445,Tilichiki,RU,60.47,166.1,33.06,91,100,6.4,overcast clouds
446,Baniachang,BD,24.52,91.37,79.2,82,0,3.6,light rain
447,San Javier,ES,37.81,-0.84,57.99,50,0,5.82,clear sky
448,Marzuq,YE,14.4,46.47,59.38,31,51,3.36,broken clouds
449,Eureka,US,40.8,-124.16,54.0,66,1,4.7,clear sky
450,Huambo,AO,-12.78,15.74,62.78,85,2,1.68,clear sky
451,San Vicente,AR,-26.62,-54.13,60.71,100,53,3.09,broken clouds
452,Sisimiut,GL,66.94,-53.67,19.89,91,36,9.28,scattered clouds
453,Ostrovnoy,RU,68.05,39.51,41.43,94,100,23.94,overcast clouds
454,Dunedin,NZ,-45.87,170.5,55.99,64,51,7.0,broken clouds
455,Bongandanga,CD,1.5,21.05,69.87,98,79,2.66,light rain
456,Stepnyak,KZ,52.83,70.78,34.14,88,86,21.09,overcast clouds
457,Juba,SS,4.85,31.58,71.6,88,100,2.44,light rain
458,Vengerovo,RU,55.68,76.75,44.65,80,97,14.5,overcast clouds
459,Morros,BR,-9.45,-46.3,76.87,77,100,1.25,overcast clouds
460,Hualmay,PE,-11.1,-77.61,63.93,82,79,8.14,broken clouds
461,Ust-Kishert,RU,57.37,57.25,25.48,92,7,15.08,clear sky
462,Kloulklubed,PW,7.04,134.26,78.8,88,75,5.82,broken clouds
463,Port Hedland,AU,-20.32,118.57,82.4,65,40,10.29,scattered clouds
464,Nicoya,CR,10.15,-85.45,75.2,100,75,2.24,broken clouds
465,Ornskoldsvik,SE,63.29,18.72,42.8,100,90,2.24,fog
466,Mackay,AU,-21.15,149.2,82.0,69,90,6.93,overcast clouds
467,Prado,BR,-17.34,-39.22,72.99,91,1,3.87,clear sky
468,Beringovskiy,RU,63.05,179.32,33.55,84,0,2.64,clear sky
469,Villazon,BO,-22.09,-65.59,49.5,64,8,10.92,clear sky
470,Tula,RU,54.2,37.61,43.21,84,98,5.77,light rain
471,Grakhovo,RU,56.05,51.97,26.6,79,75,8.95,broken clouds
472,Brainerd,US,46.36,-94.2,24.8,53,20,11.41,few clouds
473,Puerto Madero,MX,14.72,-92.42,78.8,100,40,5.55,scattered clouds
474,Hambantota,LK,6.12,81.12,78.8,100,75,2.24,broken clouds
475,Labuhan,ID,-6.88,112.21,85.75,64,100,8.66,heavy intensity rain
476,Porto Belo,BR,-27.16,-48.55,75.2,83,75,13.87,broken clouds
477,Angoram,PG,-4.06,144.07,95.23,45,0,1.5,clear sky
478,Shimoda,JP,34.67,138.95,64.4,72,75,17.22,broken clouds
479,Poronaysk,RU,49.22,143.12,46.45,60,59,3.47,broken clouds
480,Kamaishi,JP,39.27,141.88,55.4,66,20,3.36,few clouds
481,Cayenne,GF,4.93,-52.33,78.8,100,20,4.7,few clouds
482,Zhigalovo,RU,54.81,105.16,23.52,88,78,2.44,broken clouds
483,Ambilobe,MG,-13.2,49.05,69.84,77,0,3.38,clear sky
484,Abu Dhabi,AE,24.47,54.37,78.8,39,0,5.82,clear sky
485,Meulaboh,ID,4.14,96.13,81.64,75,58,3.51,broken clouds
486,Itoman,JP,26.12,127.67,80.6,54,20,10.29,few clouds
487,Ilulissat,GL,69.22,-51.1,19.4,73,100,6.93,overcast clouds
488,Mkushi,ZM,-13.62,29.39,68.18,55,93,8.5,overcast clouds
489,Constitucion,CL,-35.33,-72.42,50.36,83,100,10.54,overcast clouds
490,Salamanca,ES,40.83,-6.0,44.01,93,0,6.93,clear sky
491,Khadyzhensk,RU,44.43,39.53,55.74,51,0,1.72,clear sky
492,Resistencia,AR,-27.46,-58.98,66.99,59,0,1.12,clear sky
493,Karasjok,NO,69.47,25.51,32.0,97,20,24.16,few clouds
494,Bloemfontein,ZA,-29.12,26.21,62.6,77,89,8.05,overcast clouds
495,Garden City,US,42.33,-83.33,43.0,70,90,6.93,overcast clouds
496,Tiksi,RU,71.69,128.87,6.37,94,98,5.14,overcast clouds
497,Palana,RU,59.12,159.97,39.38,74,92,8.37,overcast clouds
498,Sheridan,US,44.83,-106.92,21.2,67,90,3.18,overcast clouds
499,Khani,GE,41.96,42.96,59.0,62,0,13.87,clear sky
500,Aleppo,SY,36.25,37.5,63.73,31,0,6.96,clear sky
501,Tahe,CN,52.33,124.73,36.23,85,100,3.06,overcast clouds
502,Atlantic City,US,39.36,-74.42,63.0,87,75,4.7,mist
503,Lata,PT,40.16,-8.33,51.01,93,20,4.7,few clouds
504,Peleduy,RU,59.63,112.74,21.58,94,98,1.54,overcast clouds
505,Gigmoto,PH,13.78,124.39,82.06,80,100,4.56,overcast clouds
506,Basco,PH,20.45,121.97,81.12,83,98,24.45,light rain
507,Gao,ML,16.64,1.64,77.41,16,0,10.45,clear sky
508,Bon Accord,CA,53.83,-113.42,35.6,93,90,10.29,light rain
509,Noyabrsk,RU,63.2,75.45,14.38,96,100,17.87,overcast clouds
510,Oia,PT,40.54,-8.54,51.01,88,86,4.85,overcast clouds
511,Campbellsville,US,37.34,-85.34,51.8,87,90,5.82,overcast clouds
512,Kaspiysk,RU,42.88,47.64,60.8,82,75,8.95,broken clouds
513,Mandera,KE,3.94,41.87,78.19,73,93,14.85,light rain
514,Orsha,BY,54.52,30.41,43.52,89,6,12.97,clear sky
515,Yingcheng,CN,30.95,113.55,66.2,77,82,2.24,broken clouds
516,Carballo,ES,43.21,-8.69,55.4,82,40,6.93,scattered clouds
517,Prince Rupert,CA,54.32,-130.32,51.8,100,90,6.93,mist
518,Razdolnoye,RU,43.55,131.92,51.8,71,75,4.47,broken clouds
519,Riyadh,SA,24.69,46.72,60.8,38,0,5.08,clear sky
520,Groningen,NL,53.25,6.75,48.0,93,75,10.29,broken clouds
521,San Andres,CO,12.58,-81.7,80.6,88,75,4.7,broken clouds
522,La Romana,DO,18.43,-68.97,77.0,94,20,9.08,few clouds
523,Tutoia,BR,-2.76,-42.27,80.28,81,39,13.04,scattered clouds
524,Ostersund,SE,63.18,14.64,41.0,100,100,9.17,overcast clouds
525,Marmande,FR,44.5,0.17,50.0,100,25,5.99,scattered clouds
526,Buraydah,SA,26.33,43.98,59.0,38,0,3.36,clear sky
527,Libertador General San Martin,AR,-23.81,-64.79,70.57,41,0,3.78,clear sky
528,Rawson,AR,-43.3,-65.1,62.82,36,100,8.39,overcast clouds
529,Berlevag,NO,70.86,29.09,37.67,80,0,15.43,clear sky
530,Puerto Ayacucho,VE,5.66,-67.62,77.25,90,100,3.24,moderate rain
531,Ngunguru,NZ,-35.62,174.5,68.05,74,12,13.13,few clouds
532,Labrea,BR,-7.26,-64.8,77.68,73,48,2.04,scattered clouds
533,Nara,JP,34.69,135.8,73.0,48,20,4.7,few clouds
534,Sandy Bay,AU,-42.91,147.35,59.0,54,75,10.29,broken clouds
535,Chernyshevskiy,RU,63.01,112.47,14.81,95,100,1.61,overcast clouds
536,Sungairaya,ID,0.7,108.9,81.75,76,100,8.88,overcast clouds
537,Rome,US,34.26,-85.16,69.8,83,90,2.26,overcast clouds
538,Landerneau,FR,48.45,-4.25,51.8,93,90,10.29,moderate rain
539,Quang Ngai,VN,15.12,108.8,78.64,77,100,14.72,light rain
540,Kulhudhuffushi,MV,6.62,73.07,82.76,72,3,5.7,clear sky
541,Iskateley,RU,67.68,53.15,20.26,94,100,16.91,overcast clouds
542,Hasanabad,IR,36.55,61.05,46.4,49,0,5.44,clear sky
543,Adrar,MR,20.5,-10.07,83.05,15,4,6.44,clear sky
544,Mareeba,AU,-17.0,145.43,91.0,66,73,8.05,broken clouds
545,Xuddur,SO,4.12,43.89,72.37,85,100,10.85,light rain
546,Tacuati,PY,-23.45,-56.58,68.92,91,3,3.49,clear sky
547,Visby,SE,57.64,18.3,53.01,93,100,8.05,light rain
548,Mugur-Aksy,RU,50.35,90.5,24.93,77,84,6.67,broken clouds
549,Miri,MY,4.41,114.01,75.2,94,40,5.82,light rain
550,Kapit,MY,2.02,112.93,78.26,84,100,2.64,light rain
551,Praia,CV,14.92,-23.51,78.8,78,40,12.75,scattered clouds
552,Slonim,BY,53.09,25.32,48.88,90,1,11.01,clear sky
553,Nogliki,RU,51.83,143.17,42.66,73,98,11.81,overcast clouds
554,Liverpool,GB,53.41,-2.98,46.99,87,23,4.7,few clouds
555,Whitehorse,CA,60.72,-135.05,41.0,44,40,14.99,scattered clouds
556,Inongo,CD,-1.95,18.27,70.99,96,95,1.52,overcast clouds
557,Brandfort,ZA,-28.7,26.46,62.6,77,100,8.05,overcast clouds
558,Rio Gallegos,AR,-51.62,-69.22,46.4,45,20,8.05,few clouds
559,Broome,US,42.25,-75.83,50.0,100,90,12.75,mist
560,Margate,GB,51.38,1.39,51.01,66,8,4.0,clear sky
561,Osa,RU,57.28,55.46,26.2,91,17,11.59,few clouds
562,Pangoa,PE,-12.12,-73.0,70.36,95,83,3.0,moderate rain
563,Foki,RU,56.69,54.35,26.69,91,0,10.11,clear sky
564,Phibun Mangsahan,TH,15.24,105.23,78.01,94,75,3.36,broken clouds
565,Cordeiro,BR,-22.03,-42.36,62.65,95,25,2.24,scattered clouds
566,Kambove,CD,-10.88,26.6,64.85,75,100,3.44,overcast clouds
567,Comarapa,BO,-17.9,-64.48,58.77,83,100,2.15,overcast clouds
